R,e,g,i,s,t,e,r,e,d, ,V,o,t,e,r,s
B,a,l,l,o,t,s, ,C,a,s,t
P,r,e,s,i,d,e,n,t
U,.,S,., ,S,e,n,a,t,e
A,t,t,o,r,n,e,y, ,G,e,n,e,r,a,l
A,u,d,i,t,o,r, ,G,e,n,e,r,a,l
S,t,a,t,e, ,T,r,e,a,s,u,r,e,r
U,.,S,., ,H,o,u,s,e
G,e,n,e,r,a,l, ,A,s,s,e,m,b,l,y
S,t,a,t,e, ,S,e,n,a,t,e
S,t,a,t,e, ,H,o,u,s,e
R,e,p, ,I,n, ,T,h,e, ,G,e,n,., ,A,s,s,e,m,b,l,y, ,6,6,T,h, ,D,i,s,t,r,i,c,t
L,A,C,K,A,W,A,X,E,N, ,T,W,P, ,A,M,B,U,L,A,N,C,E,/,R,E,S,C,U,E, ,T,A,X, ,Q,U,E,S,T,I,O,N
B,a,l,l,o,t,s, ,C,a,s,t, ,B,l,a,n,k
A,T,T,O,R,N,E,Y, ,G,E,N,E,R,A,L
A,U,D,I,T,O,R, ,G,E,N,E,R,A,L
S,T,A,T,E, ,T,R,E,A,S,U,R,E,R
R,E,F,E,R,E,N,D,U,M, ,Q,U,E,S,T,I,O,N, ,E,A,S,T, ,N,O,Y,E,S
C,r,a,n,b,e,r,r,y, ,T,o,w,n,s,h,i,p, ,S,u,p,e,r,v,i,s,o,r,s
N,o,r,t,h,a,m,p,t,o,n, ,C,o,u,n,t,y, ,H,o,m,e, ,R,u,l,e, ,C,h,a,r,t,e,r, ,A,m,e,n,d,m,e,n,t
O,l,d, ,L,y,c,o,m,i,n,g, ,B,a,l,l,o,t, ,Q,u,e,s,t,i,o,n
B,U,F,F,A,L,O, ,T,O,W,N,S,H,I,P, ,R,E,F,E,R,E,N,D,U,M
R,e,p,r,e,s,e,n,t,a,t,i,v,e, ,I,n, ,C,o,n,g,r,e,s,s, ,(,D,i,s,t,r,i,c,t, ,1,0,), ,2, ,Y,e,a,r, ,T,e,r,m
R,e,p,r,e,s,e,n,t,a,t,i,v,e, ,I,n, ,C,o,n,g,r,e,s,s, ,(,D,i,s,t,r,i,c,t, ,1,1,), ,2, ,Y,e,a,r, ,T,e,r,m
S,e,n,a,t,o,r, ,I,n, ,T,h,e, ,G,e,n,e,r,a,l, ,A,s,s,e,m,b,l,y, ,(,D,i,s,t,r,i,c,t, ,3,1,)
R,e,p,r,e,s,e,n,t,a,t,i,v,e, ,I,n, ,T,h,e, ,G,e,n,e,r,a,l, ,A,s,s,e,m,b,l,y, ,(,D,i,s,t,r,i,c,t, ,4,7,), ,2, ,Y,e,a,r, ,T,e,r,m
R,e,p,r,e,s,e,n,t,a,t,i,v,e, ,I,n, ,T,h,e, ,G,e,n,e,r,a,l, ,A,s,s,e,m,b,l,y, ,(,D,i,s,t,r,i,c,t, ,9,2,), ,2, ,Y,e,a,r, ,T,e,r,m
R,e,p,r,e,s,e,n,t,a,t,i,v,e, ,I,n, ,T,h,e, ,G,e,n,e,r,a,l, ,A,s,s,e,m,b,l,y, ,(,D,i,s,t,r,i,c,t, ,9,3,), ,2, ,Y,e,a,r, ,T,e,r,m
R,e,p,r,e,s,e,n,t,a,t,i,v,e, ,I,n, ,T,h,e, ,G,e,n,e,r,a,l, ,A,s,s,e,m,b,l,y, ,(,D,i,s,t,r,i,c,t, ,9,4,), ,2, ,Y,e,a,r, ,T,e,r,m
R,e,p,r,e,s,e,n,t,a,t,i,v,e, ,I,n, ,T,h,e, ,G,e,n,e,r,a,l, ,A,s,s,e,m,b,l,y, ,(,D,i,s,t,r,i,c,t, ,9,5,), ,2, ,Y,e,a,r, ,T,e,r,m
R,e,p,r,e,s,e,n,t,a,t,i,v,e, ,I,n, ,T,h,e, ,G,e,n,e,r,a,l, ,A,s,s,e,m,b,l,y, ,(,D,i,s,t,r,i,c,t, ,1,6,9,), ,2, ,Y,e,a,r, ,T,e,r,m
R,e,p,r,e,s,e,n,t,a,t,i,v,e, ,I,n, ,T,h,e, ,G,e,n,e,r,a,l, ,A,s,s,e,m,b,l,y, ,(,D,i,s,t,r,i,c,t, ,1,9,6,), ,2, ,Y,e,a,r, ,T,e,r,m
C,h,a,n,c,e,f,o,r,d, ,T,o,w,n,s,h,i,p, ,L,i,q,u,o,r, ,R,e,f,e,r,e,n,d,u,m
B,a,l,l,o,t,s, ,C,a,s,t, ,-, ,B,l,a,n,k
R,e,f,e,r,e,n,d,u,m
P,e,n,b,r,o,o,k, ,B,r,e,w,e,r,y, ,L,i,c,e,n,s,e,s
S,u,s,q,u,e,h,a,n,n,a, ,T,o,w,n,s,h,i,p, ,S,c,h,o,o,l, ,D,i,s,t,r,i,c,t, ,T,a,x, ,R,e,f,e,r,e,n,d,u,m
S,e,n,a,t,o,r, ,I,n, ,T,h,e, ,G,e,n,e,r,a,l, ,A,s,s,e,m,b,l,y, ,D,i,s,t,r,i,c,t, ,4,7
F,R,A,N,K,L,I,N, ,T,O,W,N,S,H,I,P, ,B,O,A,R,D, ,O,F, ,S,U,P,E,R,V,I,S,O,R,S, ,Q,U,E,S,T,I,O,N

8
1,1,1
1,3,9
L,o,w,e,r, ,M,a,k,e,f,i,e,l,d, ,T,o,w,n,s,h,i,p, ,R,e,f,e,r,e,n,d,u,m
W,e,s,t, ,R,o,c,k,h,i,l,l, ,T,o,w,n,s,h,i,p, ,R,e,f,e,r,e,n,d,u,m
S,p,e,c,i,a,l, ,E,l,e,c,t,i,o,n, ,Q,u,e,s,t,i,o,n
G,o,v,e,r,n,m,e,n,t, ,S,t,u,d,y, ,C,o,m,m,i,s,s,i,o,n,e,r
L,i,b,r,a,r,y, ,Q,u,e,s,t,i,o,n, ,S,o,u,t,h,w,e,s,t, ,G,r,e,e,n,s,b,u,r,g
P,R,E,S,I,D,E,N,T
U,.,S,., ,S,E,N,A,T,E
M,I,F,F,L,I,N,T,O,W,N, ,B,O,R,O,U,G,H, ,C,O,U,N,C,I,L, ,R,E,F,E,R,E,N,D,U,M
W,A,L,K,E,R, ,T,O,W,N,S,H,I,P, ,L,O,C,A,L, ,O,P,T,I,O,N, ,R,E,F,E,R,E,N,D,U,M
A,l,l,e,n,t,o,w,n, ,O,r,d,i,n,a,n,c,e, ,N,o,., ,1,6,0,3,7
R,E,F,E,R,E,N,D,U,M, ,S,O,M,E,R,S,E,T
R,E,F,E,R,E,N,D,U,M, ,H,O,U,S,T,O,N
S,p,e,c,i,a,l, ,E,l,e,c,t,i,o,n, ,U,p,p,e,r, ,P,r,o,v,i,d,e,n,c,e, ,T,o,w,n,s,h,i,p, ,C,o,u,n,c,i,l, ,5,t,h, ,D,i,s,t,r,i,c,t
R,e,f,e,r,e,n,d,u,m, ,U,p,l,a,n,d, ,B,o,r,o,u,g,h, ,L,i,q,u,o,r, ,L,i,c,e,n,s,e,s
